Player,Overall Elo,Hard Elo,Clay Elo,Grass Elo,Last Match,Matches Last 6M,Career Matches,Avg Elo Faced,Matches vs Top 20,Winrate vs Top 20,Matches vs Top 50,Winrate vs Top 50
Basilashvili N.,1303.1,1307.53,1322.5,1352.21,2025-01-31,0,110,1495.5,0,0.0,13,0.23
Ruusuvuori E.,1455.79,1496.45,1409.55,1441.04,2024-07-31,0,177,1517.42,3,0.0,34,0.26
Vesely J.,1313.02,1325.41,1307.17,1354.22,2024-01-16,0,52,1509.96,0,0.0,4,0.5
Bublik A.,1516.95,1497.89,1454.0,1565.06,2025-01-31,0,214,1493.73,1,0.0,32,0.25
Goffin D.,1492.63,1481.8,1512.09,1498.74,2025-01-29,0,134,1519.77,2,0.5,17,0.24
Herbert P.H.,1311.13,1341.07,1301.51,1311.68,2024-11-06,0,36,1505.74,1,0.0,1,0.0
Travaglia S.,1228.95,1267.96,1244.79,1266.48,2023-08-28,0,42,1510.42,0,0.0,2,0.0
Kecmanovic M.,1506.24,1507.17,1521.21,1477.85,2025-01-18,0,214,1551.86,4,0.0,43,0.23
Korda S.,1640.8,1612.45,1499.45,1528.89,2025-01-15,0,195,1519.74,10,0.2,47,0.32
Kwon S.W.,1389.14,1407.28,1394.63,1401.73,2024-08-26,0,89,1521.17,0,0.0,15,0.07
Paul T.,1671.03,1634.68,1480.5,1555.85,2025-01-21,0,242,1540.0,10,0.2,47,0.38
Monteiro T.,1399.34,1417.1,1451.64,1426.2,2025-01-12,0,103,1495.27,1,1.0,10,0.3
Mcdonald M.,1407.88,1465.87,1403.11,1443.22,2024-08-27,0,166,1533.73,2,0.0,29,0.21
Fratangelo B.,1186.44,1198.92,1190.84,1186.44,2023-08-01,0,9,1522.95,0,0.0,1,0.0
Norrie C.,1622.81,1563.79,1548.04,1510.98,2025-01-14,0,237,1496.07,5,0.0,42,0.21
Andujar P.,1283.63,1309.04,1313.58,1333.43,2023-04-17,0,54,1514.9,1,0.0,5,0.0
Etcheverry T.,1489.61,1427.93,1506.05,1476.1,2025-01-16,0,135,1502.68,5,0.0,25,0.12
Galan D.E.,1326.11,1392.35,1372.31,1452.2,2024-07-30,0,96,1474.67,0,0.0,5,0.2
Martin A.,1189.07,1203.6,1223.46,1189.07,2024-07-24,0,22,1496.99,0,0.0,1,0.0
Fognini F.,1456.28,1439.22,1507.71,1509.35,2024-11-05,0,130,1506.33,0,0.0,19,0.16
Kuzmanov D.,1168.31,1149.83,1310.78,1168.31,2023-11-07,0,8,1435.65,0,0.0,0,0.0
Djere L.,1472.39,1483.12,1511.19,1478.08,2024-11-08,0,177,1480.17,3,0.0,25,0.04
Struff J.L.,1561.22,1444.32,1588.72,1528.17,2025-01-13,0,146,1555.22,6,0.0,32,0.31
Kotov P.,1420.84,1396.23,1524.24,1500.37,2025-01-13,0,79,1477.83,2,0.0,9,0.11
Gerasimov E.,1253.84,1264.09,1283.08,1293.43,2024-10-02,0,53,1507.96,0,0.0,3,0.0
Grenier H.,1278.81,1297.06,1376.02,1399.15,2024-08-26,0,23,1474.37,0,0.0,5,0.2
Molcan A.,1376.82,1337.99,1413.57,1358.2,2024-02-26,0,87,1538.43,0,0.0,17,0.06
Berrettini M.,1718.07,1487.07,1584.47,1546.97,2025-01-16,0,145,1561.52,2,0.0,28,0.36
Chardy J.,1253.96,1282.42,1226.98,1233.4,2023-07-04,0,38,1571.57,1,0.0,3,0.0
Albot R.,1362.18,1428.91,1424.27,1413.31,2024-08-27,0,69,1552.39,1,0.0,7,0.0
De Minaur A.,1758.56,1666.79,1523.01,1568.76,2025-01-22,0,238,1640.48,16,0.19,60,0.35
Tiafoe F.,1598.23,1573.46,1496.96,1527.82,2025-01-16,0,225,1536.75,4,0.0,42,0.4
Garin C.,1512.3,1461.75,1538.19,1512.35,2025-01-16,0,129,1540.85,3,0.33,22,0.14
Isner J.,1414.67,1393.06,1387.23,1368.24,2023-08-31,0,93,1486.02,0,0.0,15,0.33
Hurkacz H.,1717.3,1634.63,1535.95,1546.72,2025-01-16,0,234,1528.77,8,0.12,50,0.32
Mannarino A.,1419.0,1484.43,1406.81,1527.77,2025-01-28,0,196,1507.77,4,0.25,30,0.27
Vukic A.,1462.7,1453.26,1484.32,1466.89,2025-01-17,0,98,1538.4,3,0.0,18,0.28
Majchrzak K.,1277.12,1292.25,1293.79,1302.16,2025-01-14,0,38,1512.14,0,0.0,2,0.0
Uchiyama Y.,1200.65,1222.24,1231.26,1225.2,2024-09-22,0,17,1510.08,0,0.0,1,1.0
Cilic M.,1499.22,1448.3,1408.19,1439.42,2024-11-05,0,116,1482.15,1,0.0,19,0.21
Berankis R.,1262.43,1294.73,1270.19,1280.82,2023-06-13,0,49,1533.95,0,0.0,6,0.0
Nagal S.,1248.28,1233.99,1303.82,1497.4,2025-01-12,0,31,1488.49,0,0.0,2,0.0
Bolt A.,1318.27,1318.49,1318.27,1316.71,2024-07-19,0,24,1537.24,0,0.0,3,0.0
Kokkinakis T.,1516.7,1526.4,1486.25,1504.04,2025-01-15,0,94,1549.1,3,0.0,24,0.17
Ramos-Vinolas A.,1326.2,1370.07,1442.67,1417.28,2024-08-26,0,147,1500.86,1,0.0,16,0.06
Kubler J.,1342.28,1293.37,1309.29,1429.84,2024-01-14,0,49,1486.75,0,0.0,8,0.12
Sonego L.,1505.61,1507.28,1486.31,1512.02,2025-01-22,0,212,1502.7,6,0.0,44,0.18
Fucsovics M.,1520.5,1488.81,1505.74,1525.95,2024-11-04,0,149,1552.98,3,0.0,31,0.23
Cecchinato M.,1290.28,1308.85,1362.63,1351.28,2023-08-28,0,74,1488.85,0,0.0,2,0.0
Coria F.,1382.15,1412.02,1492.21,1477.91,2025-01-14,0,106,1474.28,0,0.0,10,0.2
Gasquet R.,1416.46,1463.31,1462.32,1490.84,2025-01-30,0,130,1510.95,3,0.0,19,0.21
Polmans M.,1200.23,1198.5,1241.04,1236.66,2024-07-16,0,12,1492.66,0,0.0,1,0.0
Sousa P.,1152.4,1183.65,1175.29,1193.67,2023-04-04,0,11,1502.62,0,0.0,0,0.0
Tu L.,1221.12,1223.52,1221.12,1253.5,2025-01-12,0,13,1505.33,1,0.0,1,0.0
Ymer M.,1346.76,1360.55,1342.16,1352.9,2023-07-07,0,98,1523.19,0,0.0,12,0.08
Moutet C.,1447.41,1481.3,1481.37,1484.74,2025-01-18,0,105,1480.9,2,0.0,10,0.1
Harris L.,1363.87,1393.69,1349.43,1387.23,2024-07-04,0,92,1491.86,1,0.0,11,0.09
O Connell C.,1421.55,1470.01,1461.21,1490.33,2025-01-13,0,116,1530.97,4,0.0,19,0.05
Koepfer D.,1413.53,1447.5,1407.68,1395.52,2025-01-29,0,101,1523.33,3,0.0,17,0.12
Purcell M.,1376.29,1380.46,1385.46,1411.74,2024-08-29,0,78,1499.32,1,0.0,12,0.17
Carballes Baena R.,1449.26,1464.22,1506.16,1478.88,2025-01-17,0,156,1523.49,5,0.0,27,0.07
Anderson K.,1258.88,1212.24,1260.72,1296.47,2023-08-01,0,36,1499.93,0,0.0,1,0.0
Lopez F.,1237.57,1282.59,1319.77,1340.43,2023-06-29,0,47,1493.72,0,0.0,1,0.0
Evans D.,1421.92,1488.12,1455.26,1478.54,2024-10-17,0,161,1523.28,3,0.0,32,0.25
Giron M.,1504.25,1523.39,1456.65,1524.2,2025-01-18,0,198,1578.53,5,0.0,40,0.28
Daniel T.,1358.37,1411.97,1473.11,1473.29,2025-01-13,0,106,1475.14,2,0.0,19,0.16
Kyrgios N.,1443.76,1389.81,1313.09,1358.5,2025-01-13,0,66,1555.62,1,0.0,18,0.44
Muller A.,1414.58,1383.48,1520.08,1511.03,2025-01-13,0,70,1492.8,4,0.0,14,0.14
Ymer E.,1376.59,1414.31,1408.61,1428.05,2024-10-15,0,42,1496.61,0,0.0,7,0.14
Mmoh M.,1373.36,1365.08,1335.96,1421.05,2024-04-05,0,41,1504.2,0,0.0,8,0.5
Duckworth J.,1382.4,1395.05,1420.44,1426.92,2025-01-15,0,93,1453.29,0,0.0,10,0.0
Machac T.,1550.76,1520.92,1539.05,1490.79,2025-01-17,0,76,1582.79,7,0.29,22,0.36
Kukushkin M.,1270.89,1300.28,1345.29,1344.14,2025-01-29,0,31,1482.35,0,0.0,3,0.0
Popyrin A.,1489.98,1536.56,1489.61,1463.81,2025-01-14,0,155,1610.59,4,0.5,31,0.42
Gojo B.,1283.32,1294.51,1346.08,1386.88,2024-01-08,0,23,1553.45,1,0.0,2,0.0
Halys Q.,1432.82,1402.37,1516.12,1514.32,2025-01-29,0,72,1483.82,2,0.0,13,0.15
Van De Zandschulp B.,1475.42,1488.48,1495.35,1491.6,2025-01-28,0,169,1579.3,4,0.25,39,0.23
Schoolkate T.,1223.35,1226.75,1223.35,1218.96,2025-01-16,0,8,1552.1,1,0.0,2,0.0
Dellien H.,1233.54,1266.56,1276.18,1354.75,2024-02-27,0,40,1475.5,0,0.0,4,0.0
Safiullin R.,1473.68,1480.0,1485.23,1508.45,2025-01-13,0,99,1532.39,5,0.2,22,0.23
Hanfmann Y.,1453.54,1449.01,1515.7,1488.84,2025-01-14,0,121,1522.54,4,0.0,19,0.26
Martinez P.,1387.37,1386.38,1458.97,1421.22,2025-01-15,0,141,1522.93,2,0.0,18,0.06
Coppejans K.,1172.65,1176.2,1172.65,1181.21,2023-09-22,0,5,1535.67,0,0.0,1,0.0
Thompson J.,1542.08,1565.61,1438.63,1537.84,2025-01-15,0,173,1555.36,4,0.25,28,0.43
Alcaraz C.,1974.86,1708.95,1698.21,1567.69,2025-01-21,0,249,1646.93,20,0.6,90,0.69
Balazs A.,1167.1,1183.74,1192.22,1295.64,2023-08-29,0,6,1587.06,1,0.0,1,0.0
Sweeny D.,1187.51,1187.51,1187.51,1187.51,2024-01-14,0,6,1476.5,0,0.0,0,0.0
Cressy M.,1340.42,1377.32,1346.75,1416.32,2024-07-29,0,99,1483.81,1,0.0,17,0.18
Sandgren T.,1199.13,1212.35,1232.22,1253.8,2024-02-06,0,27,1530.99,0,0.0,4,0.0
Wawrinka S.,1462.78,1440.83,1415.85,1509.6,2025-01-27,0,99,1492.85,1,0.0,15,0.27
Humbert U.,1582.01,1625.67,1427.56,1528.79,2025-01-19,0,175,1606.44,6,0.33,32,0.41
Ruud C.,1720.64,1556.7,1694.57,1469.37,2025-01-15,0,260,1624.38,8,0.25,58,0.47
Coric B.,1446.05,1460.46,1504.93,1480.66,2025-01-28,0,104,1481.35,3,0.0,21,0.43
Auger-Aliassime F.,1633.7,1602.23,1524.69,1506.77,2025-02-02,0,233,1493.19,6,0.0,52,0.4
Fritz T.,1746.13,1672.74,1540.52,1532.86,2025-01-18,0,256,1680.19,14,0.29,57,0.49
Dimitrov G.,1741.6,1670.09,1554.01,1517.5,2025-01-13,0,218,1515.33,14,0.29,64,0.39
Khachanov K.,1651.45,1604.8,1547.03,1499.63,2025-01-18,0,229,1520.41,12,0.08,52,0.33
Sinner J.,2019.15,1881.37,1608.05,1529.73,2025-01-26,0,284,1663.09,25,0.64,86,0.64
Opelka R.,1417.49,1401.02,1350.22,1330.66,2025-01-15,0,98,1544.14,1,1.0,15,0.2
Carreno Busta P.,1492.24,1461.42,1430.87,1373.38,2025-01-16,0,123,1507.74,1,0.0,19,0.37
Nishikori K.,1418.78,1401.85,1313.57,1288.39,2025-01-15,0,62,1547.87,0,0.0,11,0.36
Lajovic D.,1477.47,1475.4,1525.32,1476.76,2025-01-14,0,153,1532.52,3,0.33,22,0.23
Schwartzman D.,1424.92,1442.51,1448.31,1437.94,2024-08-26,0,150,1518.88,0,0.0,27,0.11
Djokovic N.,2018.35,1790.14,1647.59,1580.62,2025-01-24,0,202,1627.93,12,0.5,78,0.79
Shapovalov D.,1535.8,1515.16,1460.77,1469.04,2025-01-16,0,179,1502.52,3,0.0,27,0.15
Dzumhur D.,1272.64,1257.0,1319.66,1272.64,2025-01-13,0,22,1497.36,0,0.0,1,0.0
Paire B.,1195.5,1289.78,1256.08,1325.65,2024-07-18,0,76,1503.59,0,0.0,11,0.0
Novak D.,1232.59,1264.95,1285.59,1290.08,2023-08-01,0,22,1489.29,0,0.0,3,0.0
Monfils G.,1587.53,1613.47,1416.67,1454.43,2025-01-20,0,136,1560.71,8,0.12,31,0.26
Raonic M.,1367.7,1337.91,1367.7,1310.49,2024-06-19,0,28,1583.2,1,0.0,7,0.29
Thiem D.,1461.78,1461.95,1442.95,1409.74,2024-10-22,0,101,1495.02,0,0.0,17,0.06
Karatsev A.,1469.72,1498.64,1488.93,1482.14,2024-10-16,0,152,1504.21,1,1.0,17,0.29
Zverev A.,1918.37,1707.39,1633.16,1465.68,2025-01-26,0,262,1675.18,17,0.29,80,0.53
Nishioka Y.,1491.93,1517.26,1494.2,1480.47,2025-01-15,0,146,1551.34,2,0.0,30,0.1
Nadal R.,1605.21,1462.6,1489.78,1375.75,2024-07-21,0,95,1517.57,1,0.0,25,0.64
Ivashka I.,1368.7,1384.66,1348.58,1367.95,2023-08-28,0,114,1487.87,0,0.0,20,0.1
Tsitsipas S.,1739.87,1591.7,1677.26,1470.92,2025-01-13,0,274,1561.53,14,0.14,67,0.45
Medvedev D.,1821.51,1743.44,1529.07,1549.0,2025-01-16,0,270,1636.59,22,0.18,96,0.54
Pospisil V.,1280.89,1288.21,1280.89,1308.73,2024-08-08,0,32,1559.89,1,0.0,3,0.0
Pella G.,1218.77,1250.24,1239.25,1262.59,2023-08-29,0,45,1471.86,0,0.0,2,0.0
Bautista Agut R.,1531.33,1505.99,1486.76,1538.57,2025-01-14,0,183,1521.52,2,0.5,30,0.2
Krajinovic F.,1314.19,1316.86,1328.08,1360.5,2023-05-29,0,89,1535.09,0,0.0,16,0.19
Rublev A.,1709.04,1607.6,1585.45,1515.99,2025-02-01,0,291,1533.28,14,0.14,67,0.43
Kovalik J.,1314.72,1297.16,1327.03,1314.72,2024-07-15,0,26,1541.58,0,0.0,3,0.33
Eubanks C.,1439.87,1431.89,1470.6,1537.38,2025-01-29,0,86,1498.93,4,0.0,15,0.13
Jung J.,1196.01,1183.14,1196.01,1216.18,2023-08-03,0,8,1487.58,0,0.0,0,0.0
Ramanathan R.,1237.3,1237.3,1237.3,1237.3,2024-10-03,0,8,1489.76,0,0.0,0,0.0
Gaston H.,1455.9,1459.25,1497.94,1498.71,2025-01-15,0,88,1484.09,1,0.0,9,0.22
Jarry N.,1499.66,1501.16,1494.0,1504.49,2025-01-13,0,109,1599.05,8,0.12,28,0.32
Munar J.,1403.59,1435.05,1485.55,1482.98,2025-01-12,0,149,1529.53,0,0.0,18,0.11
Griekspoor T.,1557.26,1545.67,1474.71,1536.88,2025-01-31,0,157,1561.01,11,0.0,40,0.2
Bonzi B.,1432.92,1458.84,1406.91,1466.63,2025-01-17,0,100,1485.1,0,0.0,15,0.27
Pouille L.,1258.49,1285.95,1282.3,1312.69,2025-01-28,0,38,1544.65,1,0.0,6,0.0
Murray A.,1437.65,1436.51,1412.26,1459.9,2024-06-19,0,122,1503.98,1,0.0,30,0.17
Mochizuki S.,1267.49,1283.45,1498.16,1418.52,2024-09-25,0,19,1511.64,0,0.0,2,0.5
Sousa J.,1218.51,1305.53,1271.91,1308.14,2024-04-03,0,57,1500.06,0,0.0,4,0.0
Cerundolo J.M.,1344.71,1345.88,1338.07,1406.33,2024-02-29,0,38,1495.75,0,0.0,2,0.0
Seyboth Wild T.,1392.26,1357.35,1369.62,1506.43,2025-01-13,0,61,1554.45,3,0.33,12,0.25
Bagnis F.,1338.0,1351.42,1377.89,1365.95,2024-04-26,0,63,1511.45,1,0.0,4,0.0
Cerundolo F.,1562.08,1476.11,1593.53,1492.43,2025-01-18,0,175,1543.79,3,0.33,45,0.36
Kwiatkowski T.S.,1151.79,1151.79,1151.79,1151.79,2023-08-22,0,2,1463.07,0,0.0,0,0.0
Davidovich Fokina A.,1529.82,1513.19,1531.7,1484.93,2025-01-19,0,195,1542.04,6,0.17,45,0.22
Zapata Miralles B.,1284.89,1314.94,1416.54,1375.46,2024-03-08,0,91,1497.1,2,0.0,12,0.17
Barrere G.,1407.08,1415.23,1423.21,1451.68,2025-01-27,0,70,1480.73,1,0.0,9,0.44
Barrios M.,1232.23,1221.06,1253.26,1233.05,2024-02-29,0,15,1491.76,0,0.0,1,0.0
Tirante T.A.,1318.96,1454.97,1317.61,1318.96,2024-10-16,0,17,1482.09,0,0.0,2,0.5
Klein L.,1299.7,1393.78,1282.03,1277.13,2025-01-13,0,25,1504.77,0,0.0,4,0.0
Diaz Acosta F.,1393.38,1482.11,1414.41,1496.87,2025-01-16,0,45,1506.88,0,0.0,6,0.17
Rune H.,1708.66,1617.16,1587.13,1504.38,2025-01-20,0,218,1613.72,15,0.2,62,0.42
Altmaier D.,1345.88,1423.63,1450.92,1471.34,2025-01-27,0,114,1486.85,0,0.0,18,0.22
Rinderknech A.,1449.09,1485.31,1497.41,1466.38,2025-01-30,0,152,1497.49,1,0.0,20,0.2
Baez S.,1473.87,1417.6,1584.25,1472.02,2025-01-13,0,166,1475.07,3,0.0,28,0.07
Lama G.,1141.63,1235.02,1152.48,1141.63,2023-08-01,0,3,1414.28,0,0.0,0,0.0
Tabilo A.,1518.7,1482.47,1523.83,1512.4,2025-01-13,0,95,1543.75,3,0.33,19,0.16
Varillas J. P.,1296.84,1337.29,1303.82,1296.84,2024-01-16,0,21,1546.41,0,0.0,5,0.0
Lestienne C.,1351.14,1396.79,1480.95,1473.41,2025-01-29,0,54,1467.72,1,0.0,6,0.0
Giustino L.,1157.01,1164.54,1168.95,1157.01,2023-04-18,0,2,1488.43,0,0.0,0,0.0
Johnson S.,1368.14,1366.76,1407.07,1401.77,2024-02-06,0,63,1502.21,0,0.0,5,0.0
Nakashima B.,1489.34,1505.02,1493.66,1490.66,2025-01-14,0,162,1528.03,1,0.0,24,0.33
Kudla D.,1289.11,1297.24,1330.56,1354.36,2024-04-02,0,54,1475.8,0,0.0,3,0.0
Musetti L.,1611.24,1505.38,1565.56,1540.3,2025-01-18,0,215,1523.95,11,0.18,49,0.29
Nava E.,1284.65,1299.67,1430.32,1438.67,2024-07-16,0,19,1517.88,0,0.0,2,0.0
Escobedo E.,1251.58,1251.58,1251.58,1251.58,2024-02-27,0,15,1475.57,0,0.0,1,0.0
Broady L.,1363.62,1381.19,1432.29,1379.18,2024-07-01,0,38,1514.06,0,0.0,5,0.4
Verdasco F.,1235.36,1278.84,1303.25,1326.15,2023-04-18,0,31,1478.39,0,0.0,0,0.0
Draper J.,1684.79,1619.19,1487.81,1512.11,2025-01-19,0,124,1614.76,4,0.25,41,0.39
Zeppieri G.,1277.46,1266.2,1299.46,1277.46,2024-05-30,0,19,1518.85,0,0.0,4,0.0
Huesler M.A.,1354.36,1416.96,1380.37,1396.57,2024-12-31,0,62,1471.87,0,0.0,8,0.25
Kuznetsov An.,1157.06,1258.12,1163.47,1157.06,2023-08-22,0,3,1521.01,0,0.0,1,0.0
Marterer M.,1386.71,1445.6,1445.57,1495.54,2024-10-16,0,40,1494.09,1,0.0,4,0.0
Borges N.,1433.53,1504.29,1458.25,1470.99,2025-01-17,0,92,1553.96,6,0.0,15,0.13
Taberner C.,1275.29,1319.79,1285.64,1320.94,2024-04-16,0,32,1500.2,0,0.0,3,0.0
Cazaux A.,1316.73,1511.77,1304.14,1500.82,2025-01-29,0,36,1529.1,1,0.0,8,0.12
Stricker D.,1375.43,1426.02,1318.86,1333.59,2025-01-13,0,39,1552.18,0,0.0,9,0.33
Cobolli F.,1482.81,1532.27,1450.48,1500.07,2025-01-30,0,77,1568.42,4,0.0,20,0.15
Topo M.,1165.99,1165.99,1165.99,1165.99,2024-04-16,0,5,1479.33,0,0.0,0,0.0
Medjedovic H.,1391.88,1471.44,1371.79,1498.39,2024-11-09,0,33,1514.81,1,0.0,3,0.0
Otte O.,1308.58,1321.08,1333.13,1362.77,2024-06-18,0,67,1507.69,1,0.0,12,0.0
Giannessi A.,1172.98,1172.98,1172.98,1172.98,2023-04-03,0,5,1466.32,0,0.0,0,0.0
Couacaud E.,1251.25,1354.04,1275.7,1277.9,2024-07-22,0,10,1531.04,1,0.0,1,0.0
Bourgue M.,1171.54,1184.79,1178.26,1171.54,2023-11-06,0,2,1477.38,0,0.0,0,0.0
Brooksby J.,1381.78,1384.09,1302.32,1353.55,2025-01-14,0,76,1562.3,0,0.0,13,0.15
Molleker R.,1199.82,1199.82,1212.58,1198.62,2024-07-15,0,5,1480.77,0,0.0,0,0.0
Rodionov J.,1355.74,1371.3,1405.71,1372.32,2024-04-17,0,28,1515.3,1,0.0,1,0.0
Marchenko I.,1184.54,1209.54,1184.54,1195.12,2023-08-21,0,10,1492.22,0,0.0,0,0.0
Ofner S.,1375.99,1365.81,1340.61,1316.24,2024-08-26,0,72,1459.53,1,0.0,12,0.08
Zhang Zh.,1483.81,1423.35,1461.21,1399.68,2025-01-14,0,95,1549.25,4,0.25,18,0.33
Trungelliti M.,1290.06,1289.37,1383.81,1293.1,2024-09-19,0,14,1494.86,0,0.0,1,0.0
Krueger M.,1344.53,1353.99,1417.4,1366.21,2025-01-16,0,22,1468.91,0,0.0,0,0.0
Sock J.,1331.15,1325.94,1321.48,1350.8,2023-04-05,0,34,1516.5,0,0.0,5,0.0
Serdarusic N.,1184.82,1205.66,1203.37,1184.82,2023-05-23,0,4,1513.18,0,0.0,0,0.0
Kopriva V.,1275.2,1267.86,1285.94,1442.34,2024-07-22,0,16,1549.59,1,0.0,3,0.0
Bergs Z.,1450.33,1470.64,1495.83,1483.86,2025-01-14,0,51,1477.39,1,0.0,8,0.0
Wolf J.J.,1402.73,1414.0,1436.73,1442.76,2024-07-30,0,93,1494.86,1,0.0,16,0.12
Ajdukovic D.,1279.65,1496.26,1283.39,1279.65,2024-11-06,0,12,1476.74,0,0.0,1,0.0
Collarini A.,1183.16,1183.16,1183.16,1183.16,2024-07-22,0,2,1474.29,0,0.0,0,0.0
Riedi L.,1195.75,1268.3,1194.74,1195.75,2024-07-17,0,8,1536.97,0,0.0,2,0.0
Gomez E.,1282.24,1284.44,1357.67,1282.24,2023-07-31,0,19,1505.86,0,0.0,3,0.0
Mejia N.,1183.99,1183.99,1183.99,1183.99,2024-08-20,0,2,1493.72,0,0.0,0,0.0
Neumayer L.,1204.87,1204.87,1204.87,1204.87,2024-07-24,0,3,1456.21,0,0.0,0,0.0
Watanuki Y.,1404.91,1380.44,1395.68,1438.11,2024-10-08,0,30,1558.3,0,0.0,9,0.11
Wu T.L.,1230.06,1230.06,1230.06,1230.06,2023-03-10,0,6,1549.71,0,0.0,1,0.0
Ilkel C.,1219.95,1219.95,1219.95,1219.95,2023-11-09,0,7,1489.03,0,0.0,0,0.0
Svajda Z.,1371.72,1381.39,1371.72,1490.33,2024-10-04,0,21,1478.91,0,0.0,2,0.0
Skatov T.,1304.36,1286.5,1326.02,1304.36,2024-10-16,0,10,1546.93,0,0.0,3,0.0
Lazarov A.,1229.47,1229.47,1229.47,1229.47,2023-11-07,0,5,1490.28,0,0.0,0,0.0
Kachmazov A.,1287.81,1287.81,1287.81,1287.81,2025-01-28,0,9,1481.39,0,0.0,1,0.0
Borg L.,1262.87,1257.43,1374.66,1262.87,2024-10-15,0,7,1504.66,0,0.0,1,0.0
Vavassori A.,1279.57,1275.4,1336.9,1256.45,2024-05-09,0,19,1557.74,3,0.0,3,0.0
Hijikata R.,1439.58,1452.05,1482.23,1505.3,2025-01-14,0,67,1534.12,1,0.0,12,0.0
Tseng C.H.,1316.27,1341.79,1363.59,1355.74,2024-09-19,0,10,1466.39,0,0.0,0,0.0
Lehecka J.,1595.43,1594.24,1494.19,1506.99,2025-01-19,0,129,1551.85,7,0.29,37,0.35
Varillas J.P.,1371.18,1428.28,1389.97,1437.42,2024-07-17,0,38,1484.47,1,0.0,4,0.25
Shang J.,1477.03,1493.17,1396.29,1514.47,2025-01-13,0,63,1506.03,2,0.0,10,0.2
Benchetrit E.,1226.82,1226.82,1226.82,1226.82,2024-04-01,0,3,1500.14,0,0.0,1,0.0
Brouwer G.,1437.18,1435.45,1451.05,1424.11,2024-06-24,0,27,1498.05,0,0.0,3,0.0
Guinard M.,1314.04,1326.98,1311.05,1314.04,2025-01-08,0,12,1529.4,0,0.0,3,0.0
Rehberg M.,1237.29,1237.29,1237.29,1237.29,2024-04-15,0,4,1517.4,0,0.0,0,0.0
Arnaldi M.,1507.06,1475.24,1472.47,1486.97,2025-01-14,0,85,1545.16,5,0.0,19,0.26
Passaro F.,1320.89,1348.09,1347.06,1320.89,2025-01-15,0,18,1462.69,0,0.0,1,1.0
Nardi L.,1402.2,1463.59,1447.47,1491.14,2025-01-14,0,30,1484.16,1,1.0,8,0.12
Ugo Carabelli C.,1338.49,1483.67,1354.82,1338.49,2025-01-14,0,14,1535.54,1,0.0,4,0.0
Cachin P.,1340.97,1388.99,1401.28,1434.71,2024-07-16,0,64,1529.25,1,0.0,10,0.1
Tseng C. H.,1291.8,1300.01,1313.13,1291.8,2024-07-25,0,10,1538.77,0,0.0,2,0.0
De Jong J.,1411.42,1428.13,1427.16,1419.01,2025-02-01,0,14,1584.15,3,0.0,4,0.0
Van Rijthoven T.,1355.85,1295.62,1355.85,1382.9,2024-06-11,0,19,1514.84,1,0.0,5,0.6
Squire H.,1268.47,1268.47,1285.84,1256.5,2024-06-18,0,5,1570.84,0,0.0,2,0.0
Jubb P.,1285.69,1285.69,1285.69,1285.69,2024-07-02,0,7,1468.73,0,0.0,0,0.0
Peniston R.,1300.28,1285.1,1300.28,1310.29,2023-07-04,0,13,1503.37,0,0.0,2,0.5
Ritschard A.,1326.63,1352.27,1340.34,1347.4,2024-04-02,0,10,1511.98,0,0.0,3,0.0
Misolic F.,1348.45,1320.57,1359.2,1348.45,2024-07-22,0,17,1508.55,0,0.0,1,0.0
Sachko V.,1277.56,1370.97,1302.13,1277.56,2024-01-02,0,4,1417.49,0,0.0,0,0.0
Poljicak M.,1256.14,1256.14,1256.14,1256.14,2024-07-22,0,2,1467.55,0,0.0,0,0.0
Prizmic D.,1333.23,1397.83,1340.54,1333.23,2024-02-12,0,9,1547.0,1,0.0,1,0.0
Shevchenko A.,1453.75,1482.46,1483.1,1488.18,2025-01-13,0,84,1522.58,4,0.0,21,0.19
Shelton B.,1583.02,1608.06,1487.31,1487.65,2025-01-24,0,127,1582.97,9,0.11,25,0.32
Gakhov I.,1270.23,1270.23,1270.23,1270.23,2024-04-16,0,4,1617.47,1,0.0,1,0.0
Edmund K.,1287.15,1309.76,1318.75,1287.15,2023-05-10,0,12,1530.38,0,0.0,3,0.0
Klahn B.,1253.12,1253.12,1253.12,1253.12,2023-07-31,0,2,1437.42,0,0.0,0,0.0
Pacheco Mendez R.,1271.4,1271.4,1271.4,1271.4,2024-02-28,0,5,1485.53,0,0.0,1,0.0
Galarneau A.,1261.86,1261.86,1261.86,1261.86,2023-08-07,0,2,1593.11,0,0.0,0,0.0
Holt B.,1328.2,1328.2,1328.2,1328.2,2024-08-14,0,9,1512.55,0,0.0,2,0.5
Wu Y.,1469.28,1501.32,1430.31,1431.31,2024-10-06,0,36,1565.61,1,0.0,9,0.22
Tien L.,1368.22,1368.22,1368.22,1368.22,2025-01-20,0,12,1518.65,1,1.0,3,0.33
Kovacevic A.,1434.42,1473.42,1463.99,1497.01,2025-02-02,0,53,1512.94,2,0.0,11,0.18
Hong S.,1330.61,1330.61,1330.61,1330.61,2024-08-01,0,5,1531.01,0,0.0,1,1.0
Madaras D.,1267.67,1278.21,1281.33,1267.67,2023-07-17,0,2,1480.4,0,0.0,0,0.0
Chung Y.,1267.36,1277.74,1267.36,1281.49,2023-07-18,0,2,1482.26,0,0.0,0,0.0
Zhukayev B.,1341.26,1341.26,1341.26,1341.26,2024-10-18,0,8,1536.65,0,0.0,2,0.0
Shimabukuro S.,1285.47,1293.43,1285.47,1308.1,2023-10-17,0,8,1499.14,0,0.0,1,0.0
Landaluce M.,1289.36,1324.93,1298.19,1289.36,2025-01-13,0,8,1472.96,0,0.0,0,0.0
Vatutin A.,1329.09,1342.21,1353.13,1329.09,2024-10-15,0,3,1484.23,0,0.0,0,0.0
Van Assche L.,1399.66,1431.56,1477.75,1490.35,2024-11-06,0,52,1518.74,1,0.0,9,0.0
Bailly G.,1302.07,1302.07,1302.07,1302.07,2024-10-16,0,2,1433.99,0,0.0,0,0.0
Fils A.,1578.98,1554.3,1524.07,1500.61,2025-01-17,0,99,1529.01,4,0.25,20,0.5
Mukund S.,1286.42,1297.11,1286.42,1302.51,2023-07-18,0,2,1460.98,0,0.0,0,0.0
Pannu K.,1313.09,1313.09,1313.09,1313.09,2024-01-09,0,3,1481.78,0,0.0,0,0.0
Svrcina D.,1338.94,1338.94,1338.94,1338.94,2024-01-31,0,5,1472.26,0,0.0,0,0.0
Hsu Y.,1342.55,1342.55,1342.55,1342.55,2023-10-08,0,6,1589.97,0,0.0,3,0.0
Krutykh O.,1297.19,1308.57,1324.84,1297.19,2023-04-17,0,3,1471.36,0,0.0,0,0.0
Bellucci M.,1382.32,1398.55,1372.43,1492.04,2025-01-30,0,17,1499.45,1,0.0,2,0.0
Lokoli L.,1315.47,1322.2,1315.47,1346.79,2023-07-03,0,3,1564.18,0,0.0,1,0.0
Darderi L.,1433.71,1350.74,1508.22,1491.44,2025-01-12,0,55,1484.62,1,0.0,6,0.0
Diallo G.,1414.52,1451.51,1487.71,1429.17,2025-01-16,0,23,1525.06,0,0.0,6,0.0
Fonseca J.,1372.78,1455.15,1373.15,1441.04,2025-01-16,0,14,1517.98,0,0.0,2,0.5
Shelbayh A.,1354.15,1392.99,1397.93,1397.09,2024-04-02,0,11,1488.29,0,0.0,0,0.0
Bonadio R.,1320.16,1320.16,1320.16,1320.16,2023-04-04,0,3,1460.8,0,0.0,0,0.0
Andreozzi G.,1335.05,1350.19,1345.18,1335.05,2024-07-22,0,4,1460.56,0,0.0,1,0.0
Meligeni Alves F.,1412.46,1434.89,1428.33,1433.24,2024-07-16,0,10,1507.35,0,0.0,1,0.0
Lalami Laaroussi Y.,1317.53,1317.53,1317.53,1317.53,2023-04-03,0,1,1449.21,0,0.0,0,0.0
Rocha H.,1333.34,1333.34,1333.34,1333.34,2024-07-18,0,4,1426.73,0,0.0,0,0.0
Moundir A.,1318.69,1318.69,1318.69,1318.69,2023-04-04,0,1,1477.12,0,0.0,0,0.0
Vacherot V.,1308.23,1308.23,1308.23,1308.23,2024-05-28,0,4,1569.74,0,0.0,1,0.0
Rincon D.,1301.89,1301.89,1301.89,1301.89,2024-04-15,0,3,1430.75,0,0.0,0,0.0
Napolitano S.,1361.0,1373.98,1384.8,1434.87,2024-07-16,0,7,1480.49,0,0.0,0,0.0
Marozsan F.,1524.2,1544.29,1511.35,1468.56,2025-01-18,0,73,1523.73,5,0.2,17,0.41
Lopez San Martin A.,1330.68,1330.68,1330.68,1330.68,2023-05-22,0,1,1509.14,0,0.0,0,0.0
Roca Batalla O.,1330.89,1330.89,1330.89,1330.89,2023-05-22,0,1,1548.45,0,0.0,0,0.0
Llamas Ruiz P.,1373.28,1370.56,1366.45,1373.28,2024-04-24,0,8,1510.58,0,0.0,3,0.0
Kypson P.,1352.3,1376.44,1338.68,1352.3,2024-04-01,0,8,1476.81,0,0.0,0,0.0
Olivieri G.,1362.2,1362.2,1362.2,1362.2,2023-06-03,0,3,1520.99,0,0.0,1,0.0
Mpetshi G.,1508.12,1482.82,1472.25,1447.68,2025-01-14,0,39,1546.32,1,0.0,6,0.67
Choinski J.,1344.41,1444.49,1383.7,1359.96,2024-08-26,0,9,1503.46,0,0.0,2,0.0
Wessels L.,1335.94,1335.94,1335.94,1335.94,2023-06-20,0,1,1504.15,0,0.0,0,0.0
Michelsen A.,1534.86,1541.11,1479.16,1514.59,2025-01-20,0,81,1550.14,4,0.0,16,0.38
Loffhagen G.,1328.25,1328.25,1328.25,1328.25,2023-07-05,0,2,1571.27,0,0.0,1,0.0
Mayot H.,1462.96,1484.96,1489.64,1488.36,2025-01-28,0,19,1477.15,0,0.0,3,0.0
Fery A.,1331.75,1331.75,1331.75,1331.75,2024-07-01,0,2,1588.35,1,0.0,1,0.0
Spizzirri E.,1340.57,1444.04,1340.57,1348.68,2024-08-27,0,4,1421.08,0,0.0,0,0.0
Virtanen O.,1388.58,1409.7,1404.58,1507.65,2025-01-12,0,11,1533.46,0,0.0,3,0.0
Quinn E.,1386.07,1390.51,1386.07,1437.8,2024-07-17,0,8,1419.91,0,0.0,0,0.0
Piros Z.,1368.4,1371.28,1379.67,1368.4,2023-11-07,0,3,1480.87,0,0.0,0,0.0
Kumar O.,1353.88,1353.88,1353.88,1353.88,2024-08-19,0,5,1489.83,0,0.0,0,0.0
Mansouri S.,1349.38,1349.38,1349.38,1349.38,2023-08-02,0,1,1629.96,0,0.0,1,0.0
King D.,1346.74,1346.74,1346.74,1346.74,2023-08-21,0,1,1425.12,0,0.0,0,0.0
Kirchheimer S.,1336.72,1336.72,1336.72,1336.72,2024-08-19,0,2,1424.99,0,0.0,0,0.0
Droguet T.,1403.21,1413.68,1411.44,1403.21,2024-11-05,0,4,1509.15,0,0.0,0,0.0
Mensik J.,1576.4,1581.36,1512.08,1482.97,2025-01-17,0,49,1526.33,1,0.0,13,0.46
Moreno De Alboran N.,1381.97,1391.08,1435.06,1381.97,2024-07-25,0,17,1445.11,0,0.0,1,0.0
Mu T.,1357.69,1357.69,1357.69,1357.69,2023-09-20,0,1,1487.92,0,0.0,0,0.0
Atmane T.,1449.82,1450.78,1499.04,1449.82,2024-10-07,0,14,1542.4,1,0.0,3,0.0
Li Zh.,1354.41,1354.41,1354.41,1354.41,2023-09-20,0,1,1456.5,0,0.0,0,0.0
Saville L.,1352.98,1352.98,1352.98,1352.98,2023-09-21,0,1,1428.5,0,0.0,0,0.0
Zhou Y.,1375.78,1375.78,1375.78,1375.78,2024-10-07,0,7,1496.78,0,0.0,1,0.0
Lock B.,1357.74,1357.74,1357.74,1357.74,2023-09-21,0,1,1512.32,0,0.0,0,0.0
Sekulic P.,1363.37,1363.37,1363.37,1363.37,2023-10-05,0,3,1501.42,0,0.0,0,0.0
Cui J.,1355.82,1355.82,1355.82,1355.82,2023-09-21,0,1,1456.37,0,0.0,0,0.0
Mo Y.,1359.0,1359.0,1359.0,1359.0,2023-09-21,0,1,1568.84,0,0.0,0,0.0
Yevseyev D.,1411.13,1404.27,1436.86,1411.13,2024-09-19,0,4,1464.17,0,0.0,0,0.0
Bu Y.,1453.2,1453.2,1453.2,1453.2,2025-01-31,0,21,1513.99,1,0.0,7,0.43
Te R.,1358.27,1358.27,1358.27,1358.27,2023-10-04,0,1,1451.15,0,0.0,0,0.0
Lajal M.,1373.63,1377.75,1373.63,1373.82,2024-07-01,0,3,1664.23,1,0.0,1,0.0
Friberg K.,1363.86,1363.86,1363.86,1363.86,2023-10-16,0,1,1522.6,0,0.0,0,0.0
Hassan B.,1400.07,1410.27,1444.63,1400.07,2024-10-15,0,4,1438.37,0,0.0,0,0.0
Blockx A.,1384.1,1384.1,1384.1,1384.1,2024-10-15,0,2,1475.24,0,0.0,0,0.0
Martineau M.,1355.01,1366.99,1355.01,1370.33,2024-06-11,0,2,1512.92,0,0.0,0,0.0
Hemery C.,1363.64,1363.64,1363.64,1363.64,2023-11-06,0,1,1389.97,0,0.0,0,0.0
Valkusz M.,1380.49,1380.49,1380.49,1380.49,2024-01-16,0,3,1428.5,0,0.0,0,0.0
Harris B.,1455.63,1426.51,1455.63,1474.25,2024-10-03,0,14,1449.7,0,0.0,0,0.0
Wong C.,1426.05,1440.25,1426.05,1485.79,2024-12-31,0,8,1494.82,0,0.0,0,0.0
Mccabe J.,1431.57,1448.84,1431.57,1482.73,2025-01-16,0,6,1399.47,0,0.0,0,0.0
Walton A.,1396.57,1411.24,1488.58,1496.75,2025-01-12,0,17,1430.59,0,0.0,2,0.0
Jasika O.,1390.79,1390.79,1390.79,1390.79,2025-01-12,0,2,1569.39,0,0.0,1,0.0
Escoffier A.,1380.5,1380.5,1380.5,1380.5,2024-01-30,0,1,1362.11,0,0.0,0,0.0
Blanchet U.,1422.89,1423.7,1441.44,1422.89,2024-07-17,0,3,1429.11,0,0.0,0,0.0
Gomez F.,1408.09,1430.79,1421.72,1408.09,2024-12-31,0,4,1413.31,0,0.0,0,0.0
Navone M.,1459.12,1452.21,1525.28,1481.62,2025-01-13,0,44,1509.19,0,0.0,8,0.12
Burruchaga R.,1405.63,1405.63,1405.63,1405.63,2024-05-28,0,4,1462.54,0,0.0,0,0.0
Comesana F.,1451.13,1488.19,1442.69,1520.25,2025-01-14,0,13,1507.08,0,0.0,2,0.5
Neff A.,1388.69,1388.69,1388.69,1388.69,2024-02-07,0,1,1484.05,0,0.0,0,0.0
Heide G.,1414.05,1414.05,1414.05,1414.05,2024-07-24,0,6,1456.95,0,0.0,0,0.0
Damm M.,1422.72,1422.72,1422.72,1422.72,2024-03-24,0,3,1512.74,0,0.0,1,1.0
Blanch D.,1393.57,1404.25,1411.7,1393.57,2024-04-25,0,2,1560.3,0,0.0,1,0.0
Dougaz A.,1404.55,1419.25,1415.06,1404.55,2025-01-13,0,2,1507.35,0,0.0,0,0.0
Gigante M.,1423.38,1433.09,1429.64,1423.38,2025-01-12,0,4,1485.14,0,0.0,0,0.0
Jorda Sanchis D.,1416.24,1416.24,1416.24,1416.24,2024-04-04,0,2,1476.31,0,0.0,0,0.0
Faria J.,1428.31,1465.42,1418.2,1428.31,2025-01-15,0,4,1583.71,1,0.0,1,0.0
Moro Canas A.,1431.26,1443.06,1456.94,1441.41,2024-12-31,0,4,1524.16,0,0.0,1,0.0
Hardt N.,1424.03,1424.03,1424.03,1424.03,2024-07-16,0,3,1441.82,0,0.0,0,0.0
Sanchez Izquierdo N.,1412.53,1412.53,1412.53,1412.53,2024-05-20,0,1,1477.55,0,0.0,0,0.0
Barranco Cosano J.,1409.2,1409.2,1409.2,1409.2,2024-05-20,0,1,1430.19,0,0.0,0,0.0
Fanselow S.,1412.95,1412.95,1412.95,1412.95,2024-05-21,0,1,1485.3,0,0.0,0,0.0
Fearnley J.,1507.27,1514.71,1507.27,1492.56,2025-01-17,0,8,1586.64,2,0.0,2,0.0
Searle H.,1409.86,1409.86,1409.86,1409.86,2024-07-02,0,2,1487.49,0,0.0,0,0.0
Hussey G.,1437.55,1437.55,1437.55,1437.55,2024-06-26,0,2,1487.91,0,0.0,0,0.0
Broom C.,1408.24,1408.24,1408.24,1408.24,2024-07-01,0,2,1480.49,0,0.0,0,0.0
Janvier M.,1420.2,1420.2,1420.2,1420.2,2024-07-01,0,1,1496.85,0,0.0,0,0.0
Pellegrino A.,1423.04,1423.04,1423.04,1423.04,2024-07-16,0,1,1387.79,0,0.0,0,0.0
Mikrut L.,1421.39,1421.39,1421.39,1421.39,2024-07-21,0,1,1357.65,0,0.0,0,0.0
Schwaerzler J.,1471.11,1493.33,1477.79,1471.11,2024-10-21,0,2,1639.93,1,0.0,1,0.0
Dodig M.,1440.4,1440.4,1440.4,1440.4,2024-07-24,0,2,1433.59,0,0.0,0,0.0
Jacquet K.,1443.61,1443.61,1443.61,1443.61,2024-08-26,0,1,1743.3,0,0.0,1,0.0
Kasnikowski M.,1432.06,1432.06,1432.06,1432.06,2024-08-26,0,1,1407.65,0,0.0,0,0.0
Forbes M.,1436.08,1436.08,1436.08,1436.08,2024-08-27,0,1,1487.23,0,0.0,0,0.0
Sun F.,1482.02,1482.02,1482.02,1482.02,2024-09-18,0,1,1480.31,0,0.0,0,0.0
Collignon R.,1484.11,1484.11,1484.11,1484.11,2024-10-14,0,1,1536.97,0,0.0,0,0.0
Engel J.,1498.23,1498.23,1498.23,1498.23,2024-10-16,0,2,1500.22,0,0.0,0,0.0
Kym J.,1488.25,1488.25,1488.25,1488.25,2024-10-21,0,1,1559.53,0,0.0,0,0.0
Papamalamis T.,1479.49,1479.49,1479.49,1479.49,2024-11-04,0,1,1434.14,0,0.0,0,0.0
Djuric B.,1481.55,1481.55,1481.55,1481.55,2024-11-04,0,1,1417.55,0,0.0,0,0.0
Basavareddy N.,1515.71,1515.71,1515.71,1515.71,2025-01-13,0,6,1632.07,1,0.0,1,0.0
Becroft I.,1481.86,1481.86,1481.86,1481.86,2025-01-06,0,1,1442.47,0,0.0,0,0.0
Onclin G.,1479.47,1479.47,1479.47,1479.47,2025-01-12,0,1,1421.59,0,0.0,0,0.0
Habib H.,1503.53,1503.53,1503.53,1503.53,2025-01-15,0,2,1518.81,0,0.0,0,0.0
Boyer T.,1503.38,1503.38,1503.38,1503.38,2025-01-16,0,2,1578.02,0,0.0,1,0.0
Samrej K.,1494.06,1494.06,1494.06,1494.06,2025-01-14,0,1,1832.48,1,0.0,1,0.0
